{"x":475.8162162162162,"y":220.85096153846152,"width":167.93513513513514,"height":141.53125,"b":"50"}